{
  "000 optimized 3roll": {
    "3roll": 11.495048690336292,
    "alternate": 19.46356025477628,
    "roll": 47.7798665886338,
    "sfb": 4.6657114781816285
  },
  "000 optimized alternate": {
    "3roll": 0.011953310678963571,
    "alternate": 47.80718844161429,
    "roll": 43.12071446645544,
    "sfb": 7.204646388124922
  },
  "000 optimized combined": {
    "3roll": 0.23130432352799637,
    "alternate": 40.822884535675975,
    "roll": 54.19460300260954,
    "sfb": 0.7413140978134967
  },
  "000 optimized roll": {
    "3roll": 1.50611714554941,
    "alternate": 26.14328759510256,
    "roll": 60.475834907703366,
    "sfb": 6.730126315442762
  },
  "000 optimized sfb": {
    "3roll": 0.6192435882907231,
    "alternate": 28.823002516404756,
    "roll": 53.38239882764413,
    "sfb": 0.41512271976197146
  },
  "colemak": {
    "3roll": 0.7622176030352095,
    "alternate": 25.603680998737914,
    "roll": 52.09734031075502,
    "sfb": 5.173498460170287
  },
  "colemak_dh": {
    "3roll": 0.339660308643796,
    "alternate": 29.407162361663712,
    "roll": 51.51690617272068,
    "sfb": 1.5430136745661853
  },
  "dhorf": {
    "3roll": 0.21050245819057922,
    "alternate": 41.9376471848401,
    "roll": 49.268286624866306,
    "sfb": 0.4970273875594934
  },
  "dvorak": {
    "3roll": 0.11177121673836066,
    "alternate": 43.58580691832784,
    "roll": 49.497883332583015,
    "sfb": 2.6390650132024613
  },
  "qwerty": {
    "3roll": 0.6698511114250364,
    "alternate": 26.043469689043157,
    "roll": 48.52687088716851,
    "sfb": 5.880447730878389
  },
  "whorf": {
    "3roll": 0.2941756329433242,
    "alternate": 37.80537215934229,
    "roll": 51.576362250513455,
    "sfb": 1.0850721606473324
  }
}